Title,Open Date,Deadline date,Company,Location(s),Status
2025 Technology Summer Analyst Program (New York),2024-01-03,1/13/2024,Morgan Stanley,NYC,Final
Software Engineering Intern - Summer 2025,2024-02-23,4/24/2024,SIG,"Bala Cynwyd, PA",Applied
"Software Engineer
Internship",2024-03-11,4/24/2024,J.P. Morgan Chase & Co,"NYC, Jersey City, NJ, Wilmington Delaware",Viewed
2025 Summer Internship Program - AMERS - Technology,2024-03-17,4/24/2024,BlackRock,"NYC, Atlanta, Delaware, SF, Seattle, Sausalito ",Online Assessment
Trading Engineer Intern 2025,2024-04-08,4/24/2024,Voloridge Investment Management,"Jupiter, FL",Applied
2025 Summer Intern - Information Technology,2024-02-15,4/24/2024,Loop Capital,"Chicago, IL",Viewed
Software Engineer Internship - Summer 2025,2024-01-22,4/24/2024,Chicago Trading Company,"Chicago, IL",Applied
Software Developer Intern - Summer 2025,2024-01-18,4/24/2024,Epic Systems,"Madison, WI",Applied
"Software Engineer Intern, Summer 2024/2025 Australia & New Zealand",2024-02-09,4/25/2024,Atlassian,Sydney or Remote,Viewed
2025 Summer Analyst Program,2024-03-30,4/25/2024,Goldman Sachs,"Atlanta, GE, Boston, MA, Chicago, IL, ...",Viewed
Winter Intern 2025 - Software Developer,2024-02-27,4/27/2024,Five Rings,NYC,Applied
2025 - Summer Analyst Internship - Technology,2024-02-05,4/29/2024,BNP Paribas,"Jersey City, NJ",Applied
2025 Global Atlantic Summer Internship Program,2024-03-11,4/29/2024,Global Atlantic,"New York, NY",Applied
Summer 2025 Intern Program Submit Interest,2024-03-31,4/29/2024,Lumen,"Concord, NH",Interest
Investment Engineer Intern - Summer 2025,2024-04-06,4/29/2024,Bridgewater Associates,"Westport, CT",Rejected
Quantitative Research Intern - Summer 2025,2024-02-02,4/29/2024,SIG,"Bala Cynwyd, PA",Viewed
SUMMER 2025 QUANTITATIVE DEVELOPER INTERNSHIP,2024-03-08,4/30/2024,Point72,"New York, NY",Applied
Quantitative Analyst Internship 2025 New York,2024-01-15,4/30/2024,Barclays,"New York, NY",Viewed
2025 Summer Intern: Software Engineer II,2024-02-06,5/1/2024,Walmart Global Tech,"Bentonville, AR, Sunnyvale, CA",Offer
MongoDB's Women in Computer Science Summit (AMER),2024-03-09,5/8/2024,MongoDB,"Austin, TX, New York, NY, San Francisco, CA",Viewed
MongoDB's Next in Tech Summit (AMER),2024-04-25,5/8/2024,MongoDB,"Austin, TX, New York, NY, San Francisco, CA",Rejected
2025 SUMMER CORPORATE INTERN - ENGINEERING,2024-01-13,5/10/2024,Catepillar,"CHILLICOTHE, IL, PEORIA, IL",Rejected
AI/ML Engineer Intern - Summer 2025,2024-01-22,5/15/2024,Cranium,"Short Hills, NJ",Applied
"Intern, Software Engineering (Summer 2025)",2024-02-11,5/29/2024,Ventas,"Chicago, IL",Applied
Software Developer Intern (New York) â€“ Summer 2025,2024-03-22,5/29/2024,D. E. Shaw,"New York, NY",Rejected
Quantitative Technologist (C++ Intern - Summer 2025),2024-01-27,5/29/2024,Radix Trading,"Chicago, IL",Viewed
Global Technology Summer Analyst Program - 2025,2024-05-31,6/1/2024,Bank of America,"Addison, TX, Charlotte, NC, Chicago, IL, Denver, CO, Jersey City, NJ, New York, NY, NYC Metro, NY, Pennington, NJ, Plano, TX, Richmond, VA, Washington, DC",Applied
2025 Software Engineer Intern,2024-02-16,6/6/2024,BILL,"San Jose, CA
Draper, UT
Salt Lake City, UT",Applied
2025 Software Engineer Intern,2024-05-06,6/6/2024,Capstone,"New York, NY	",Applied
2025 Software Engineer Intern,2024-01-12,6/8/2024,Apple,Various Locations within United States,Applied
"Software Engineering Intern, BS, Summer 2025",2024-02-11,6/17/2024,Google,Lotta locations,Applied
